AP1B1	12.138	11.824	11.805	11.116	12.105	11.402	12.307	12.353	12.538	11.747	11.952	11.223	11.885	12.161	12.331	11.785	11.416	12.797	12.014	12.113	11.835	11.546	10.984	11.571	12.278	12.768	12.386	12.045	11.893	11.532	11.458	11.333	11.120	12.434	11.956	11.576	12.034	10.916	12.473	11.131	11.072	12.011	11.223	11.467	12.136	11.511	11.899	10.556	12.104	11.184	12.929	11.591	12.470	11.213	11.983	11.339	11.122	10.339	11.319	11.257	11.920	11.864	11.327	11.509	11.652	12.323	10.921	11.902	11.716	10.870	11.691	11.582	11.716	11.946	11.764	12.183	10.837	11.956	10.360	11.699	11.029	11.419	10.283	11.382	10.905	12.254	12.058	12.587	11.832	12.039	11.797	11.443	11.420	11.792	12.308	11.694	10.876	12.130	11.279	12.256	11.438	12.439	11.411	11.648	11.434	10.889	11.609	11.789	10.634	12.011	11.977	11.747	10.785	11.852	11.275	11.304	12.278	12.287	11.292	11.531	12.567	11.776	11.712	11.325	11.295	11.397	11.790	12.312	11.735	11.740	11.548	11.646	12.159	11.877	11.414	12.643	12.147	11.229	12.193	12.089	11.589	11.845	11.847	11.852	12.278	11.618	11.248	11.262	11.964	11.853	11.499	11.621	11.521	11.972	12.016	11.981	13.329	12.312	12.971	11.860	11.563	11.227	10.599	10.256	12.163	11.974	11.737
AR	6.857	4.442	2.789	6.638	4.700	7.055	6.898	5.310	4.933	2.984	4.358	6.770	6.219	8.070	6.217	5.421	5.511	6.267	6.912	4.944	5.144	5.659	3.245	5.106	5.861	4.270	5.677	6.736	4.312	4.437	4.464	3.537	5.112	3.490	1.064	5.508	6.090	9.076	6.490	5.728	6.391	6.214	5.993	7.127	7.144	7.433	7.214	3.509	7.478	5.847	5.354	2.486	5.637	6.132	7.049	6.008	5.012	5.864	6.744	5.604	7.991	6.167	7.842	4.168	6.926	6.218	4.830	3.478	4.912	3.792	6.862	4.201	6.647	4.512	3.955	7.352	7.038	5.386	0	6.831	2	6.590	3.963	7.093	1.635	7.527	5.321	6.877	5.295	7.249	6.111	6.757	3.602	4.281	6.686	5.916	7.170	5.527	5.722	6.233	5.762	0.708	4.467	5.552	7.233	2.358	4.414	7.302	5.242	5.752	5.612	6.506	5.481	2.924	5.272	3.792	6.234	4.955	5.925	7.425	5.516	6.965	4.876	6.993	6.348	7.325	5.291	7.081	5.845	2.896	7.416	6.822	4.508	4.720	6.605	7.325	6.312	6.711	7.262	5.999	6.673	4.394	4.596	5.764	5.981	5.804	6.438	7.484	5.859	3.002	6.190	6.862	4.774	3.645	8.234	5.971	6.788	5.669	6.376	4.298	4.361	3.325	6.184	5.703	5.930	4.618	4.818
ATP5J	10.135	11.555	11.527	10.627	11.437	10.089	10.148	11.573	11.347	11.721	11.716	11.260	10.321	10.072	11.187	10.562	12.326	11.397	10.265	10.519	10.725	10.563	12.484	11.821	11.034	10.618	10.426	11.066	10.920	10.959	11.155	11.532	10.175	11.485	11.226	10.664	10.945	10.400	10.419	11.056	10.661	10.831	10.486	10.704	10.385	11.075	10.745	10.598	10.700	10.677	11.058	11.732	11.445	11.149	10.520	11.090	11.407	10.108	10.716	10.656	10.223	10.921	11.005	11.475	10.389	10.436	11.369	11.166	10.944	11.779	10.242	11.783	10.877	10.901	10.951	10.342	10.998	11.647	11.271	10.973	11.433	10.945	12.730	11.506	10.693	10.645	11.073	10.707	10.150	11.730	10.293	10.650	10.705	11.075	10.525	11.208	10.425	10.947	10.591	11.158	10.778	10.731	11.109	10.542	10.560	12.561	11.301	10.408	11.098	10.509	10.834	10.351	10.870	11.811	12.674	11.047	10.668	10.238	11.299	10.858	10.538	10.452	10.910	10.952	11.067	10.450	11.899	10.611	11.317	10.856	11.787	10.226	11.225	11.193	10.541	10.432	10.877	11.069	10.343	11.158	11.686	11.098	11.198	10.760	10.697	10.890	10.087	10.924	10.737	11.091	10.829	10.472	10.613	10.876	10.060	9.626	10.107	10.679	10.004	11.029	10.299	12.473	10.723	12.134	10.509	10.871	11.132
BMP4	6.126	6.919	6.099	7.381	5.565	5.732	7.851	6.470	6.073	6.117	6.114	6.115	6.403	6.327	7.162	6.870	7.200	6.321	5.942	5.811	4.241	4.418	4.893	7.782	6.426	6.579	6.134	7.342	6.956	6.292	6.377	5.995	6.219	5.013	5.738	4.725	5.540	8.766	4.741	6.327	4.493	4.333	6.201	5.028	3.907	6.376	8.309	9.410	8.170	6.718	6.516	5.453	6.458	6.389	4.570	6.338	6.556	5.488	5.559	6.707	5.499	5.160	6.298	6.336	6.972	6.328	5.703	6.274	5.535	5.419	4.553	4.250	5.350	6.406	4.145	5.886	7.227	7.235	10	6.963	7.408	7.290	5.722	5.769	4.826	7.041	7.184	5.998	5.817	6.082	5.410	6.929	4.515	7.006	7.112	4.422	6.408	6.856	7.359	6.224	6.905	6.486	5.484	4.300	6.518	5.344	7.599	6.432	5.340	5.226	5.859	6.195	5.003	5.403	4.685	7.215	6.995	6.384	3.650	4.731	5.378	4.174	4.123	7.116	5.759	5.376	6.901	8.256	7.716	8.622	5.649	6.079	6.015	6.501	7.094	4.574	5.617	6.252	6.100	6.500	5.052	6.717	5.621	6.679	4.986	8.053	5.275	4.203	5.085	5.582	5.061	4.870	2.579	5.104	5.579	4.983	6.475	7.277	6.014	6.585	5.289	6.361	5.230	5.761	6.042	6.489	5.534
BRCA1	8.018	6.932	8.510	8.753	7.173	8.581	9.549	8.530	6.112	8.072	7.638	9.196	8.461	8.267	9.064	8.570	7.410	6.989	7.351	8.155	7.612	8.731	8.033	7.673	8.373	7.772	9.083	8.908	8.110	8.390	7.889	8.089	8.438	7.789	7.887	8.829	6.671	9.299	8.814	8.451	9.334	8.520	8.210	7.874	8.890	8.282	9.703	8.721	7.904	8.858	7.654	7.382	7.623	8.617	8.171	8.739	8.031	8.117	8.322	9.022	9.222	10.330	8.574	8.649	8.387	8.730	9.162	7.702	8.540	7.722	9.034	7.374	7.828	7.341	8.736	7.278	8.073	8.525	8.250	9.167	7.792	8.616	8.119	9.839	8.481	8.551	7.458	9.143	9.633	9.100	8.483	8.274	8.743	8.908	8.687	8.129	9.955	7.473	9.315	8.484	8.969	8.282	9.043	7.938	8.693	7.768	9.299	8.327	9.230	8.209	8.221	7.934	8.779	7.928	7.305	8.382	8.065	8.639	8.479	8.632	7.944	8.705	8.621	8.807	8.574	9.227	7.819	8.958	7.848	8.398	8.615	9.044	7.096	7.695	8.331	9.372	8.110	9.262	7.953	7.435	8.230	7.478	8.108	8.732	7.228	9.109	9.018	9.922	8.524	8.226	8.774	8.820	8.424	7.756	8.124	9.073	7.720	7.748	8.472	7.894	9.038	8.396	9.707	7.508	8.530	8.163	8.681
CDKN1B	10.841	9.029	11.573	11.411	10.847	10.437	10.684	9.577	10.816	10.908	10.275	11.135	10.365	10.665	10.722	11.250	11.230	10.898	11.120	9.990	10.369	10.715	10.912	11.203	9.395	10.461	9.802	11.062	10.729	11.263	11.177	11.246	11.122	11.091	10.207	10.777	10.861	11.329	10.787	11.324	11.406	11.023	10.210	10.512	10.675	10.636	11.522	9.935	10.746	11.316	10.539	11.146	10.033	10.799	10.407	10.368	11.151	10.597	11.004	11.689	10.587	10.847	10.148	11.678	11.152	10.524	11.213	11.864	11.532	11.797	11.277	10.919	10.945	9.761	10.379	10.706	11.416	11.325	8.898	11.214	11.440	10.852	11.573	11.472	10.519	10.898	10.884	10.609	11.334	11.105	11.107	10.860	10.887	10.571	10.810	10.301	10.955	11.147	10.818	11.455	10.636	10.454	10.175	10.608	10.787	11	10.845	10.871	10.309	10.035	11.140	11.338	10.925	10.337	11.024	10.931	10.554	10.236	11.033	10.558	9.996	10.053	10.034	10.945	10.549	10.683	11.222	10.842	10.775	9.600	11.085	11.104	10.827	11.020	10.859	10.979	10.865	11.086	10.525	10.547	11.768	11.059	10.752	11.446	10.639	11.985	11.220	11.009	10.627	10.249	11.323	10.562	10.952	10.937	10.793	10.405	10.709	9.869	10.310	10.702	10.820	11.095	12.349	11.554	11.424	9.712	9.908
CEBPB	9.008	12.238	9.802	9.618	10.843	8.744	8.415	10.588	10.071	9.617	10.163	9.648	8.599	8.955	10.654	8.800	8.789	10.096	9.901	10.759	9.862	8.386	8.889	9.149	10.068	10.973	9.791	9.451	8.983	9.010	9.105	10.325	9.302	10.125	10.225	10.162	9.971	7.597	9.043	8.272	8.940	9.276	10.218	8.119	8.834	8.346	8.953	7.744	9.260	9.395	11.505	8.618	10.661	8.614	9.833	8.645	7.674	7.299	9.616	8.569	9.129	9.345	8.562	9.035	8.651	10.422	8.520	9.114	8.456	10.341	9.711	9.544	10.189	9.677	9.991	11.278	7.675	10.446	8.538	9.186	10.399	7.464	8.897	10.067	9.145	8.914	9.992	9.585	8.434	9.484	9.153	9.272	8.225	10.016	9.666	10.082	7.562	8.476	9.930	8.707	9.136	9.751	9.422	9.368	9.887	10.036	10.721	9.021	6.587	8.504	9.404	8.616	8.386	10.964	9.326	8.978	8.886	9.674	9.199	9.438	10.485	8.311	8.735	8.789	8.824	8.588	10.134	9.164	9.371	10.414	8.278	8.206	9.551	9.756	10.575	9.440	9.439	9.419	10.066	9.743	9.461	9.445	10.083	10.014	9.709	7.957	9.115	8.264	9.125	9.879	9.201	8.964	9.790	8.803	9.571	9.759	11.181	12.074	9.466	10.110	6.952	9.787	8.379	9.365	9.340	11.619	9.943
COL18A1	11.476	12.693	11.668	9.984	10.018	11.164	10.059	13.054	10.357	10.434	10.948	9.874	10.386	11	11.205	11.096	9.041	10.812	10.821	12.363	10.245	10.426	8.592	10.128	12.215	11.831	11.233	10.416	12.123	10.749	10.905	11.434	10.623	9.341	12.236	10.751	10.876	9.603	9.992	11.011	10.797	10.101	12.595	11.052	11.073	10.919	10.519	12.460	11.301	11.036	11.437	10.817	11.686	11.258	10.884	10.650	10.700	8.743	10.438	11.018	11.611	7.766	11.079	11.187	10.731	12.106	11.178	10.489	10.732	9.726	9.899	10.069	11.189	12.647	10.219	11.642	9.753	10.501	13.191	10.791	8.813	10.792	8.772	9.812	11.403	10.439	10.458	11.499	11.163	10.885	11.448	10.664	10.365	10.303	10.355	10.655	8.625	9.711	11.524	10.985	10.619	12.690	10.268	10.843	12.173	9.670	11.437	10.689	11.132	11.080	10.612	10.589	11.069	11.790	8.996	12.419	9.730	12.519	10.674	11.033	11.397	11.112	10.931	10.141	11.141	11.348	10.779	11.991	12	14.544	8.026	10.399	11.465	11.925	11.730	11.151	10.420	10.951	12.395	12.175	10.267	11.539	11.413	12.576	13.097	10.981	10.600	9.167	12.210	11.972	10.378	10.980	10.749	11.333	11.436	11.718	12.050	12.806	11.654	11.604	10.041	9.203	8.333	9.448	11.670	12.215	13.328
CREBBP	10.912	10.143	10.910	10.951	9.241	11.095	11.925	10.521	10.144	9.701	10.021	10.034	10.594	11.103	10.305	10.923	9.283	10.332	11.219	10.677	10.615	11.058	9.211	10.206	10.290	10.377	10.959	10.840	10.289	10.372	10.691	10.408	11.104	9.961	9.971	10.891	10.746	11.084	11.166	11.185	10.880	10.854	10.662	10.818	10.933	11.554	11.267	11.773	11.274	11.307	10.068	10.032	10.068	10.331	11.006	10.803	10.735	10.685	10.511	11.442	11.054	10.873	11.396	10.285	10.731	11.149	10.808	10.189	10.180	9.445	11.255	9.436	10.613	10.132	10.516	11.291	10.501	9.713	11.174	11.138	9.202	10.580	8.708	10.200	10.760	11.129	10.748	10.941	11.369	11.139	11.364	10.833	10.628	10.659	11.167	10.238	11.726	10.793	10.897	11.267	11.174	10.992	10.601	10.721	11.142	10.106	10.564	10.779	10.834	11.002	10.873	10.546	10.775	9.264	9.363	10.772	10.807	11.120	10.595	10.836	10.277	11.255	10.035	11.299	10.663	11.384	9.038	11.173	10.227	11.050	9.965	11.663	10.148	10.486	11.008	11.132	10.819	11.052	11.184	10.199	9.507	10.904	10.147	10.939	10.779	11.876	10.279	10.912	10.764	10.431	11.025	11.034	10.537	10.598	11.232	11.208	11.445	10.780	11.128	10.366	12.258	9.002	11.227	9.696	11.063	9.587	10.455
DSCAM	9.848	3.543	9.878	7.331	4.977	9.160	11.696	2.846	7.488	8.566	7.120	8.285	9.780	9.266	6.882	10.084	9.035	7.811	8.789	6.150	8.743	9.694	7.686	9.602	6.752	8.229	9.404	6.655	10.106	8.742	9.031	8.533	7.551	8.171	7.958	6.083	7.222	9.745	7.410	9.519	9.201	8.884	7.489	8.237	9.191	11.057	8.240	0.959	10.681	8.210	6.508	8.877	7.410	9.226	8.827	9.400	10.405	7.881	8.116	9.179	8.054	8.619	9.214	6.904	9.779	5.702	7.243	9.053	8.173	8.330	7.786	6.479	9.207	6.858	8.621	8.891	8.934	7.013	0	4.963	6.384	10.207	6.974	7.631	8.719	9.693	9.741	6.432	10.267	8.859	9.447	8.868	10.338	6.418	9.784	7.208	9.507	9.423	5.655	7.896	10.824	10.408	7.496	8.575	8.747	7.551	5.380	8.444	3.176	9.923	8.522	9.015	9.028	8.242	8.355	8.628	9.198	9.169	4.254	6.454	7.105	8.290	9.354	8.605	9.752	9.226	5.605	9.976	9.342	7.063	8.728	7.681	7.524	7.933	6.774	9.339	6.815	8.227	8.580	7.748	7.079	9.234	6.569	9.287	6.066	10.069	6.862	8.240	8.947	7.929	9.880	10.148	8.693	9.922	7.500	8.073	5.876	1.915	8.569	8.959	10.175	7.352	8.152	8.042	9.956	4.721	6.357
EP300	10.855	10.335	10.211	10.557	9.267	11.033	11.488	10.723	10.053	9.504	9.524	9.786	10.202	10.325	9.452	10.471	9.039	10.157	10.894	10.619	10.954	10.838	8.351	9.564	10.508	10.314	10.964	10.506	10.071	9.996	9.416	9.704	9.909	9.708	9.723	9.923	9.961	10.135	10.968	9.870	10.711	10.848	9.963	10.651	10.979	11.288	9.853	12.094	10.988	10.041	10.208	9.518	9.990	9.266	10.814	10.462	10.579	9.973	9.668	9.822	10.879	10.505	10.221	10.051	10.383	10.785	9.588	9.721	9.628	8.918	10.627	8.573	10.404	10.183	9.415	11.106	10.120	9.409	11.158	9.868	9.098	10.284	8.686	8.895	9.425	10.947	10.213	10.883	11.368	10.366	11.101	10.091	10.419	9.558	10.521	10.460	10.418	10.839	9.662	10.997	10.843	10.558	9.642	10.490	10.126	9.179	9.953	10.637	9.550	10.810	9.439	10.231	9.657	9.681	8.711	10.652	10.490	10.763	9.234	10.280	10.220	11	10.620	10.069	9.586	11.075	8.433	11.183	10.430	11.337	9.868	10.562	10.061	10.222	10.073	11	10.082	10.071	10.887	9.914	9.632	10.515	10.386	10.250	10.364	10.851	10.012	10.099	9.806	10.472	9.958	10.773	10.293	10.304	11.301	11.014	11.651	10.995	11.039	10.441	11.164	8.228	10.158	8.458	10.858	9.923	10.274
ESR1	4.872	4.550	3.816	3.026	4.860	3.893	3.445	5.233	2.814	4.018	4.036	5.031	4.042	4.439	5.402	2.595	2.027	3.881	3.964	5.246	4.043	3.742	3.431	4.051	5.046	3.967	5.863	5.534	3.132	3.936	4.192	3.537	2.878	3.253	3.507	4.540	3.377	3.698	5.519	4.143	4.681	4.921	4.492	4.727	3.907	4.136	3.539	2.106	3.211	3.788	5.865	3.215	5.148	4.375	4.366	3.341	1.693	3.844	2.576	4.620	4.626	4.456	2.697	3.589	2.050	4.627	3.970	2.338	2.146	3.123	2.603	3.579	2.714	4.310	4.364	4.449	3.490	4.077	2.069	4.506	4.687	3.227	3.821	3.275	3.314	3.617	4.545	5.803	3.679	3.130	3.878	3.881	3.144	2.837	3.840	5.683	3.280	2.967	4.382	4.559	4.678	4.275	4.467	3.868	5.166	4.591	5.598	5.887	3.779	1.744	6.573	3.916	3.437	2.534	2.726	3.025	2.144	4.488	3.864	3.003	4.452	3.286	2.994	5.258	4.495	4.090	4.820	5.001	3.428	3.984	5.697	4.293	4.890	4.019	4.413	5.212	6.198	4.018	4.793	5.277	3.708	1.468	4.177	3.529	5.055	2.946	2.515	3.011	4.342	5.119	4.194	3.244	3.637	2.628	4.546	4.697	6.105	6.276	4.937	3.787	3.396	4.412	2.317	2.885	4.024	5.693	4.484
FGF7	4.810	9.692	3.173	3.690	3.343	3.483	3.142	3.564	5.169	3.592	5.545	3.762	3.127	1.865	3.347	3.471	3.354	3.063	3.595	5.203	4.241	3.509	3.245	4	3.226	3.867	3.174	5.061	3.840	3.245	3.493	3.589	1.493	4.535	5.029	3.074	4.613	3.934	1.966	4.537	3.310	3.682	4.207	3.567	4.308	4.027	3.539	5.259	3.868	2.845	4.889	3.889	5.330	6.935	4.221	3.849	2.635	5.292	3.078	3.593	3.632	3.492	3.737	2.961	4.282	2.589	3.733	2.956	4.110	3.980	3.479	3.414	3.745	2.690	3.886	3.897	4.597	5.264	3.404	4.387	4.460	4.147	5.171	5.903	3.314	4.144	4.473	2.973	2.909	2.625	3.152	3.881	2.760	2.614	5.469	3.790	3.410	4.525	2.661	4.092	2.350	3.837	4.365	3.159	2.858	6.084	4.218	5.314	2.813	3.009	4.006	4.253	3.489	3.135	4.246	5.589	3.362	5.383	3.761	4.526	3.399	3.536	2.802	4.391	3.115	2.763	4.226	3.844	4.781	3.796	4.645	3.558	4.251	3.681	3.931	2.859	3.524	4.596	4.097	4.034	3.865	4.176	3.428	4.627	4.389	4.400	3.602	4.203	4.504	2.306	3.848	3.011	1.580	4.479	4.183	2.540	5.684	9.363	3.716	5.467	5.251	5.256	4.138	4.651	3.975	5.552	3.931
FOS	12.171	13.530	13.656	15.143	12.842	12.299	11.982	13.008	12.574	13.578	11.081	10.607	9.988	13.149	12.039	11.973	11.601	12.733	11.822	14.702	11.458	11.118	10.177	12.543	10.404	14.113	13.933	12.248	12.389	11.332	12.469	13.882	15.078	12.879	12.431	12.127	12.962	9.130	12.367	11.463	11.617	12.018	11.894	11.392	11.382	11.037	12.405	12.092	10.965	12.146	13.424	11.658	13.932	10.643	12.543	12.415	12.678	9.549	12.757	10.437	11.892	13.707	11.292	12.122	11.670	13.988	10.195	12.897	11.343	11.742	10.070	12.015	12.498	11.548	11.440	12.604	9.026	12.973	8.690	11.778	11.752	9.057	11.648	12.826	12.007	13.670	13.223	11.796	10.822	11.740	14.741	13	13.812	13.543	12.403	13.290	10.895	9.657	12.362	11.063	12.212	11.716	11.167	12.520	14.748	12.148	12.329	10.811	10.048	11.014	10.803	10.348	11.935	12.538	10.977	13.159	11.346	12.819	11.192	11.673	12.778	12.185	10.660	13.091	14.155	12.464	11.475	13.889	12.611	11.608	9.343	10.565	12.874	15.171	12.614	11.456	11.614	11.816	13.494	11.547	12.734	12.808	11.513	12.458	10.508	10.540	12.233	10.563	12.645	11.648	9.924	11.354	12.211	11.677	13.767	12.839	14.372	12.422	11.340	12.632	9.938	10.995	12.549	12.091	11.994	13.276	11.188
FOXA3	0.695	2.841	1.818	4.839	5.637	2.089	0.863	1.612	0.003	2.983	3.120	0.007	4.539	3.998	3.639	2.008	0.815	2.563	1.818	5.327	4.165	2.322	1.207	2.987	2.086	0.007	0.593	1.204	1.079	1.040	2.085	0.004	1.495	2.611	1.059	0.010	1.929	4.863	0.492	1.012	2.051	1.703	1.884	3.625	4.936	2.611	5.231	0.961	0.567	3.421	1.019	0.549	0.010	1.273	3.433	1.831	0.011	2.750	1.801	0.566	1.493	0.013	3.635	3.484	2.052	5.470	0.004	0.747	0.891	6.643	2.212	2.459	1.653	2.988	4.146	5.931	1.611	5.033	0	6.268	1.700	0	1.674	4.038	1.043	0.530	4.681	1.171	0.852	1.447	1.416	4.129	3.552	3.354	0.011	2.937	1.247	1.041	3.957	0.999	0.010	3.103	2.007	1.708	1.029	2.359	3.325	1.415	0.006	4.220	0.011	1.862	3.632	3.319	1.083	2.847	1.786	1.055	3.093	2.003	4.769	1.721	2.696	0.006	5.927	1.225	0.007	1.448	0.755	0	0.006	3.674	0.613	0.014	0.898	1.981	4.812	6.329	1.746	4.152	2.706	2.515	1.147	0.722	1.724	0	0.010	1.533	3.299	5.458	0	1.273	5.532	0.014	2.042	1.464	2.482	3.382	2.286	2.246	0.996	2.460	3.454	1.938	2.564	3.042	2.629
FURIN	10.587	12.112	10.195	9.667	10.559	10.387	9.543	11.559	10.514	10.213	11.223	10.496	10.009	10.541	10.980	10.060	9.003	10.662	10.551	11.213	10.725	9.962	9.359	9.615	12.226	11.025	10.338	10.339	10.117	9.868	9.852	10.500	10.827	10.259	10.759	11.147	10.474	10.005	10.153	9.879	9.578	10.544	11.689	10.163	10.161	10.121	10.396	10.323	10.449	10.932	11.631	9.971	11.393	10.136	10.545	10.188	9.224	9.270	10.344	10.078	10.483	10.376	10.051	9.885	8.815	11.068	10.245	9.831	9.854	9.673	10.649	10.236	10.478	11.714	10.822	11.476	9.457	9.768	10.013	10.862	9.980	9.911	8.728	9.941	10.389	9.715	10.014	11.087	10.087	10.059	11.094	10.658	9.776	10.729	9.933	10.709	9.886	10.017	10.429	10.640	9.958	11.068	9.806	10.603	10.596	8.971	10.564	9.531	10.167	10.274	9.930	9.984	10.240	10.650	9.867	10.460	9.817	11.022	10.497	11.016	11.296	10.432	10.613	10.150	10.006	10.531	10.266	10.240	10.178	11.717	9.379	10.306	10.743	10.748	10.787	10.033	10.271	9.839	10.750	10.609	9.467	9.916	10.056	10.770	12.154	9.765	10.233	9.970	10.664	11.994	10.446	10.265	10.587	10.692	10.560	11.166	11.562	11.914	10.771	10.779	10.230	10.034	9.158	9.487	10.209	11.780	12.436
GPC3	7.654	7.815	5.285	4.633	4.224	3.633	6.361	3.210	3.895	6.641	5.513	5.984	4.626	3.688	4.274	4.504	8.284	4.331	4.332	4.969	6.937	3.943	5.153	9.903	5.663	5.721	5.812	6.445	8.847	4.123	4.315	5.426	2.211	2.742	6.201	3.778	4.467	3.065	5.025	5.164	4.153	3.744	3.896	4.964	3.744	4.301	4.751	13.051	5.026	5.317	5.280	4.279	5.349	8.514	3.583	6.793	7.447	2.750	4.449	5.422	5.279	5.657	3.581	6.852	7.808	7.144	4.416	4.774	3.122	1.836	1.964	3.726	4.109	5.702	3.480	2.871	3.939	6.492	11.632	3.493	3.931	10.311	6.331	4.342	2.971	5.280	5.121	4.253	1.944	5.298	5.308	3.345	3.210	5.526	6.278	4.951	4.524	4.651	2.959	5.773	9.257	4.275	5.484	5.198	6.542	6.153	7.285	5.860	4.149	3.917	6.506	5.589	3.271	4.774	3.237	6.781	6.076	6.143	2.465	5.025	5.225	4.174	4.081	7.344	4.029	3.888	6.194	9.809	8.860	11.037	4.470	5.948	5.441	4.522	4.796	3.545	5.814	4.937	4.596	6.432	3.962	8.346	4.076	7.088	7.152	3.342	4.038	2.389	5.712	5.172	7.197	2.627	2.801	5.220	3.138	4.570	5.953	7.624	6.970	6.302	4.289	4.689	3.454	6.618	3.638	7.480	2.772
HDAC1	10.007	10.906	10.539	10.207	10.261	10.759	10.624	10.764	9.915	10.336	10.343	10.772	10.478	10.357	9.780	9.961	10.964	10.698	10.777	10.769	10.711	10.781	10.875	10.692	11.142	10.577	10.188	10.994	10.654	10.862	10.837	10.650	10.754	10.431	10.630	10.723	10.563	10.477	10.906	10.584	10.428	10.341	10.041	11.070	10.415	10.791	10.283	11.166	10.625	10.623	10.571	9.783	10.666	10.679	10.403	10.229	10.211	10.047	9.629	10.653	9.922	10.311	10.531	10.829	10.068	11.041	11.063	10.064	10.096	10.679	10.802	10.972	10.439	10.443	10.793	10.609	10.547	11.254	11.160	10.704	11.115	10.150	10.643	10.668	10.416	9.662	10.024	10.600	9.771	10.516	9.782	10.201	10.441	11.465	9.773	10.998	10.563	10.108	10	10.732	10.233	10.015	10.700	10.596	10.486	10.651	10.740	10.232	11.036	10.207	10.535	10.689	10.248	11.056	10.176	10.451	10.226	10.486	10.479	10.874	10.352	10.036	10.812	10.316	10.829	10.579	10.649	10.282	10.584	10.906	10.597	10.645	10.082	10.622	10.776	10.263	10.711	11.329	10.594	9.979	10.901	9.883	10.504	10.461	10.065	10.090	10.859	10.434	10.409	11.201	10.609	10.351	11.843	9.646	9.800	10.722	10.181	10.979	10.456	10.521	9.834	10.502	10.856	10.968	9.886	11.021	10.728
HDAC4	9.381	8.582	9.212	9.113	8	9.174	10.340	8.546	9.402	8.682	9.112	9.447	8.491	9.181	8.955	9.260	9.733	9.673	9.493	9.153	9.011	9.041	8.441	8.659	8.879	8.951	9.147	9.042	8.779	8.784	8.842	8.815	9.133	9.082	8.729	8.917	9.105	9.855	9.373	9.327	9.488	8.876	8.600	9.092	9.673	9.301	9.463	9.187	9.824	9.348	8.606	8.883	7.881	8.616	9.212	8.991	8.530	9.398	8.624	8.762	9.039	9.916	9.891	8.622	9.427	9.799	9.536	9.435	9.045	8.910	8.432	7.925	8.856	8.615	8.798	9.490	9.317	8.693	8.908	8.342	8.946	9.325	8.116	8.305	8.753	9.668	9.526	9.558	9.705	9.256	9.965	9.495	9.299	8.707	9.417	8.978	10.257	9.902	9.482	9.499	9.648	8.947	9.083	8.992	9.592	9.054	8.965	9.374	8.398	9.257	8.984	9.422	8.889	8.652	8.003	9.400	9.063	9.367	8.117	8.614	8.826	9.585	8.689	9.234	8.481	9.028	8.044	9.278	9.033	9.064	8.798	9.678	9.204	8.964	9.262	8.899	8.581	9.836	9.052	8.768	7.563	9.641	9.320	9.410	9.494	9.556	8.806	9.650	8.530	9.760	10.109	9.503	8.792	9.687	9.362	9.008	9.653	9.594	9.546	8.927	10.235	8.430	8.269	8.599	9.838	8.375	9.278
JUN	11.881	13.234	12.941	13.855	12.210	12.468	11.543	12.552	11.696	12.284	11.807	11.848	11.910	12.597	12.594	12.469	10.710	13.203	13.446	13.872	12.855	11.887	11.634	11.883	12.179	13.169	13.399	12.160	11.950	12	12.141	13.051	13.372	12.556	12.481	13.072	12.541	11.688	12.692	11.783	12.589	12.299	13.787	12.591	12.028	12.774	12.030	12.443	12.399	12.972	12.787	11.473	13.961	11.031	12.433	12.318	12.343	11.880	12.841	12.563	11.510	12.647	12.345	12.842	12.507	13.813	12.062	11.723	11.733	12.509	12.950	11.726	13.084	12.875	12.491	13.698	12.180	12.687	9.749	13.257	11.783	11.176	10.336	11.967	12.057	12.658	12.533	12.361	11.140	11.874	13.628	12.736	12.861	14.491	14.015	13.529	12.463	11.317	12.714	12.907	12.176	12.810	11.753	12.969	13.727	11.543	12.762	11.585	12.460	11.935	12.441	11.464	12.732	13.605	11.052	12.396	11.709	12.026	11.891	13.051	13.124	12.742	12.121	12.357	12.425	12.833	11.733	12.751	12.767	11.725	10.448	12.430	12.424	13.324	13.010	12.138	11.851	11.747	12.837	12.176	13.241	12.129	12.144	12.813	12.378	11.719	14.035	11.482	12.227	13.246	11.693	12.418	13.111	11.872	13.250	12.794	12.816	12.821	12.372	12.434	11.087	10.903	12.525	11.827	12.034	14.138	12.762
MAPK9	10.272	10.072	9.396	9.826	10.463	9.476	9.938	10.013	11.087	10.351	10.309	10.256	9.934	10.080	10.085	10.030	10.045	10.040	9.964	9.848	10.100	9.774	10.244	10.436	9.768	10.161	9.863	10.156	9.684	9.944	9.149	9.704	9.616	10.277	9.724	9.914	9.979	9.813	9.819	10.198	9.874	10.055	10.252	9.953	9.821	9.785	10.084	8.930	9.962	9.629	10.166	10.917	10.032	9.865	9.536	9.978	10.555	9.297	9.978	10.139	10.203	10.333	9.750	9.584	10.600	10.274	9.770	9.898	9.346	9.202	9.427	9.836	9.421	9.846	9.670	9.899	9.633	9.677	9.847	9.577	10.642	10.067	10.086	10.136	9.449	10.103	10.266	9.817	10.047	10.050	9.600	9.928	10.024	9.942	10.354	9.877	10.113	10.694	9.857	9.173	9.754	9.384	9.578	9.926	10.193	9.669	9.710	10.131	9.690	9.774	9.829	9.518	9.839	9.704	9.229	9.665	9.965	9.568	9.915	10.108	9.856	10.412	9.523	9.829	9.473	9.608	10.070	9.863	10.243	9.606	10.246	9.674	11.011	10	9.881	9.961	10.241	10.363	9.700	9.538	9.828	10.193	9.715	9.953	9.961	10.113	9.687	10.217	9.402	9.752	9.537	9.705	8.980	11.078	9.984	9.804	10.216	10.135	10.015	9.881	11.130	10.370	9.888	9.948	10.304	10.345	10.472
MDM2	10.517	9.991	10.920	9.964	11.223	10.906	11.077	11.601	10.967	16.019	12.178	11.458	10.887	10.353	11.187	16.487	10.809	11.274	15.344	11.896	11.153	10.360	11.543	10.764	10.370	10.956	10.810	10.187	15.797	10.358	10.238	10.783	10.493	10.029	11.245	11.472	11.337	10.322	11.225	10.601	10.836	11.873	11.158	11.152	11.580	11.391	10.629	10.209	10.734	10.876	11.260	10.728	10.705	10.693	10.668	11.075	10.508	10.708	11.189	16.422	10.404	11.546	9.908	16.708	10.351	10.683	10.826	11.100	10.811	10.961	11.299	10.885	10.659	11.298	10.810	10.662	10.732	10.019	10.048	10.227	12.717	10.633	11.304	11.082	10.840	10.436	10.260	10.957	10.757	10.917	10.441	10.737	17.238	10.915	10.079	11.178	9.716	10.273	17.163	10.408	11.468	15.112	9.997	10.784	10.555	11.734	11.645	10.553	10.320	10.913	10.586	10.066	10.851	10.797	15.588	10.852	10.423	10.956	10.950	10.475	11.041	10.307	10.959	11.347	10.380	10.726	10.654	10.309	10.385	10.667	10.439	10.440	11.063	11.060	11.117	10.892	11.315	11.160	10.881	12.086	11.077	15.369	11.270	10.614	11.471	10.440	10.666	10.585	10.658	11.027	10.710	10.702	10.858	10.241	10.748	10.893	12.025	10.431	10.529	10.961	10.626	10.992	10.081	11.563	16.548	13.970	10.818
NCOA3	9.833	9.758	9.337	9.454	8.720	10.299	10.196	9.613	8.885	8.884	9.439	9.183	9.405	9.734	8.801	9.255	7.962	8.732	9.443	9.222	9.458	9.925	7.937	9.035	9.185	9.661	9.429	9.199	8.508	9.212	9.057	9.427	9.809	8.473	8.697	9.171	9.577	8.976	10.027	9.368	9.976	9.747	10.041	9.828	9.708	10.242	9.008	10.012	9.826	9.097	9.194	9.012	9.166	8.956	10.165	9.759	8.904	9.531	9.522	9.316	9.436	9.257	9.362	8.867	9.665	9.419	8.967	9.458	8.445	8.511	9.558	9.038	9.196	8.784	9.628	9.519	9.225	8.462	10.455	8.992	9.184	8.795	8.392	9.346	9.246	9.874	9.143	9.652	9.302	9.636	9.952	9.428	9.720	8.246	9.344	9.497	9.834	9.641	8.555	8.845	9.529	9.171	8.953	9.577	9.666	8.681	9.098	9.444	9.206	8.997	9.528	9.008	9.654	8.178	8.139	9.913	8.995	9.444	8.864	9.115	9.369	9.329	9.352	9.319	9.211	9.696	8.467	9.364	8.950	9.988	8.419	9.368	8.877	9.186	9.565	8.931	9.410	9.802	9.981	8.662	9.525	9.494	9.176	9.212	9.604	10	9.849	9.268	8.997	9.667	9.381	9.296	8.883	9.140	9.994	10.198	10.406	9.906	9.622	9.514	9.765	7.845	9.167	9.115	9.501	9.732	9.151
NFIA	11.578	8.329	11.441	12.681	9.941	11.479	11.915	8.932	10.645	11.822	10.502	11.291	12.633	12.485	11.737	11.568	10.881	10.622	12.673	10.202	10.899	11.353	10.828	11.114	8.573	10.800	10.806	11.340	10.648	12.039	11.494	10.544	11.057	11.475	11.173	11.675	11.445	12.406	12.375	11.424	11.175	11.168	10.077	11.331	11.840	12.424	11.961	11.870	11.462	11.783	9.576	9.342	9.783	10.781	11.391	11.527	10.329	11.701	10.755	11.039	11.110	11.440	11.917	10.700	11.577	11.023	11.964	11.138	10.403	11.065	11.524	10.562	10.200	10.633	11.317	10.837	12.047	11.449	10.971	12.113	11.764	10.845	10.011	11.483	11.471	11.971	11.914	11.833	10.030	10.768	11.901	11.113	11.483	12.306	11.281	10.475	12.350	11.755	11.547	10.970	10.832	10.338	11.806	11	11.551	11.316	11.550	11.062	12.119	11.162	10.780	11.462	9.419	9.934	10.873	11.580	12.161	11.317	10.863	10.307	10.764	11.177	11.360	12.017	11.174	12.228	10.889	10.344	10.673	11.180	12.197	11.968	10.057	10.787	10.626	11.091	10.803	11.368	11.778	11.475	10.855	10.457	11.525	10.704	10.780	11.202	11.107	12.120	10.832	10.239	11.071	11.391	11.530	10.475	11.159	10.733	10.267	7.578	12.047	11.153	12.136	10.598	11.278	11.110	11.265	9.977	9.415
NFIB	11.464	9.820	12.118	12.579	10.197	11.973	12.997	11.111	10.226	11.870	10.297	11.332	12.200	11.155	10.938	12.386	11.381	11.180	11.061	11.184	10.445	10.662	10.537	12.091	10.268	10.768	11.037	11.328	11.377	11.853	10.613	10.433	10.994	11.616	10.969	10.963	10.620	12.614	11.137	12.579	12.195	11.176	10.136	10.644	11.922	11.081	11.063	12.035	12.024	11.146	9.227	10.545	9.721	11.614	10.200	10.762	11.652	11.413	10.145	11.498	11.707	10.579	12.369	11.265	12.730	11.787	11.449	12.367	11.392	10.543	11.156	10.500	11.240	10.812	11.018	11.409	11.241	11.512	10.065	11.846	11.784	11.616	11.346	11.656	12.277	11.356	12.017	10.706	10.880	11.570	10.583	10.495	12.138	10.694	10.324	10.709	13.339	11.392	11.920	11.886	14.188	11.186	12.556	11.286	11.893	12.038	12.343	12.522	11.703	11.767	12.059	11.228	12.543	9.975	10.438	11.580	11.974	10.980	11.691	11.632	9.918	11.974	10.849	11.949	10.524	11.288	9.705	11.651	11.286	10.463	11.312	10.979	10.211	10.974	11.422	11.874	11.098	12.892	11.694	10.509	11.052	11.846	10.650	11.711	10.737	12.777	10.357	11.703	11.212	9.984	12.657	10.600	10.943	10.660	11.967	11.355	9.938	12.905	11.008	10.351	12.245	10.180	11.548	11.023	12.183	11.070	9.799
NFIC	9.803	9.834	9.018	9.324	9.349	9.851	9.603	9.571	9.166	8.038	8.449	9.647	9.217	9.788	9.954	9.548	7.903	10.315	10.300	10.287	9.607	10.237	7.667	7.697	9.961	9.863	9.756	9.504	8.712	8.506	9.295	9.052	10.093	7.947	8.699	9.650	9.339	10.214	10.008	8.858	9.747	9.894	9.631	10.332	10.150	10.218	10.126	9.570	10.253	9.583	9.565	8.578	9.748	8.472	10.552	9.494	9.288	8.743	9.759	9.523	9.583	9.704	10.095	8.646	9.105	10.335	8.771	9.126	9.556	9.582	10.696	9.012	9.397	9.044	8.967	10.844	8.842	8.969	8.073	10.422	7.375	8.978	6.357	8.691	9.147	9.836	8.888	10.164	10.689	9.015	9.753	10.201	8.448	10.111	9.989	9.313	9.071	9.228	9.955	10.077	9.309	9.507	7.857	9.304	9.740	4.379	9.671	9.380	8.839	9.864	8.844	9.433	10.311	9.610	8.340	10.164	9.127	10.008	9.310	10.123	10.186	10.643	9.729	8.778	9.125	10.461	8.381	9.928	9.510	10.039	8.795	10.553	9.381	9.678	9.628	10.250	10.983	9.991	10.264	9.676	8.891	9.453	9.648	10.106	10.097	9.671	9.858	8.680	9.684	9.452	8.736	9.528	9.226	9.528	10.782	10.401	10.759	10.726	9.789	9.587	10.341	8.382	10.774	8.214	10.126	9.398	9.298
NKX3-1	4.988	8.145	3.239	4.255	6.807	3.059	4.194	5.975	5.263	4.297	5.652	6.203	5.653	5.126	6.172	5.012	3.964	4.497	5.160	6.655	6.590	4.215	5.327	6.280	6.055	5.617	5.590	5.061	3.597	4.289	2.257	3.537	5.463	4.499	6.031	5.330	5.976	5.704	5.231	3.871	3.708	4.948	6.261	4.727	4.248	6.601	6.126	7.230	4.604	5.218	6.475	5.151	6.941	6	5.330	4.769	6.474	2.750	5.077	2.654	3.962	4.456	4.125	4.580	5.453	4.916	4.012	5.093	4.486	5.022	3.570	4.345	5.207	5.646	5.453	6.637	5.268	5.763	5.704	5.194	6.114	6.687	5.283	5.926	2.520	3.988	5.532	4.430	5.015	5.447	4.329	6.769	3.333	4.162	5.611	5.467	5.088	4.423	2.134	3.326	6.444	4.072	6.312	4.599	5.878	4.941	7.009	4.976	2.813	5.752	4.625	4.993	5.138	6.355	3.237	5.813	5.459	4.851	3.465	5.132	5.439	5.207	5.403	3.687	5.206	3.308	5.758	5.948	5.555	7.544	6.558	5.100	5.273	4.624	4.226	5.947	5.499	4.596	5.290	5.169	4.217	3.012	4.891	4.127	6.099	4.666	5.847	4.472	5.391	6.296	5.756	3.918	4.386	5.465	5.395	5.553	6.534	6.798	6.334	6.737	4.289	5.122	5.465	5.780	5.878	7.421	7.964
NR2F2	9.296	10.340	9.956	8.890	8.291	7.830	8.371	9.391	9.328	10.391	9.283	9.223	9.044	8.661	9.746	9.602	7.041	9.616	9.509	8.403	9.143	8.979	8.626	9.273	9.142	10.031	9.576	9.293	9.232	9.746	8.923	10.290	8.642	8.466	10.594	9.864	7.755	6.541	7.898	9.082	9.440	9.789	8.305	9.939	10.579	9.742	8.904	12	10.045	10.564	9.015	9.380	9.351	9.678	10.296	8.827	8.354	6.674	8.390	10.629	8.525	10.843	7.581	9.432	9.348	9.056	10.528	7.444	9.300	10.298	9.806	9.339	7.394	9.726	10.009	9.654	6.828	9.509	10.980	8.323	8.611	7.877	9.781	7.301	9.564	7.375	8.202	9.785	8.816	7.827	9.947	9.501	9.353	9.669	7.027	7.530	9.988	8.755	9.054	9.796	9.761	10.039	9.450	8.729	9.249	9.422	10.167	8.710	9.341	10.041	8.172	7.884	8.196	7.129	6.729	10.456	9.133	9.928	8.617	10.239	9.479	10.825	10.407	10.612	8.607	9.694	9.015	9.165	8.582	11.414	9.829	10.033	9.208	9.219	8.702	6.818	9.366	7.569	10.299	10.255	7.137	8.617	10.116	9.642	10.171	7.583	7.251	6.558	8.970	9.559	7.028	9.639	9.459	9.120	8.034	8.793	9.424	7.429	9.590	9.475	9.193	8.648	9.230	6.521	7.372	9.708	8.422
NRIP1	9.982	11.259	10.046	10.624	9.968	9.938	10.087	11.673	9.766	9.718	10.463	9.830	9.892	9.585	9.920	10.106	9.688	9.792	9.202	10.647	10.934	10.295	9.602	9.836	10.503	9.967	10.312	9.918	9.400	8.951	8.861	8.963	9.573	8.645	9.292	10.124	9.783	9.683	10.289	9.880	9.985	10.286	10.647	9.694	9.995	10.605	9.944	9.766	9.862	9.938	9.910	9.467	10.361	9.956	9.643	9.655	9.778	9.377	10.232	9.756	10.213	9.717	10.079	9.363	9.284	10.147	9.147	9.359	9.961	9.403	9.527	8.252	10.126	10.080	9.570	10.296	9.898	9.448	8.964	10.085	10.750	9.512	10.357	10.087	9.260	9.938	9.637	10.310	9.831	10.083	9.784	9.795	9.431	9.334	9.525	11.612	10.099	9.633	8.445	9.798	10.389	9.714	9.415	9.847	9.844	11.238	10.648	9.625	9.116	9.274	9.609	8.529	9.746	10.079	9.953	9.305	9.439	9.980	9.784	10.577	10.593	10.046	9.461	9.961	10.267	10.274	9.913	10.393	9.623	10.872	9.591	9.493	9.536	9.355	9.548	9.904	10.006	9.577	10.129	10.076	9.878	8.733	9.003	10.352	10.856	9.731	8.775	9.906	10.013	10.467	9.266	9.554	9.168	9.388	10.143	9.014	10.667	10.511	10.029	10.435	10.342	10.028	9.403	9.946	9.813	10.851	10.397
PIAS1	8.494	8.398	8.224	8.420	8.412	8.205	9.084	8.609	8.218	7.435	7.776	8.392	7.894	8.337	7.958	8.363	7.767	8.213	8.315	8.308	8.241	8.241	7.634	7.831	8.172	8.089	8.180	7.751	7.857	7.043	7.187	7.819	7.985	7.489	7.438	8.341	8.224	8.264	8.524	8.062	8.303	8.324	8.467	7.874	8.586	8.127	8.392	9.244	8.420	8.464	8.482	8.318	8.233	8.527	8.365	8.045	7.403	8.697	8.331	8.235	8.379	8.955	8.230	8.130	7.938	8.134	8.108	7.732	7.891	7.447	8.897	8.438	8.247	7.716	7.892	8.496	7.377	7.577	8.888	8.192	7.988	7.918	7.496	8.113	7.508	8.912	7.299	8.509	8.283	8.513	8.123	8.150	7.715	7.752	7.886	8.386	8.850	7.830	8.506	8.149	8.406	7.798	8.319	7.863	8.059	6.736	7.925	8.015	7.402	7.731	7.265	8.073	7.787	6.820	7.249	8.311	8.152	8.265	8.648	8.552	8.206	8.362	8.586	8.644	8.062	8.215	8.422	8.298	8.240	8.731	8.256	7.735	7.965	7.786	8.340	7.582	8.086	8.166	8.115	7.641	8.639	7.592	7.330	8.138	8.636	7.278	8.136	8.116	7.499	7.916	8.187	7.887	8.010	7.666	8.924	8.194	9.343	8.338	8.294	8	9.297	7.886	8.826	7.788	8.196	8.286	8.692
PIAS2	8.338	7.837	8.342	8.326	7.989	8.355	8.233	8.560	8.270	7.988	8.658	8.879	8.570	8.372	7.890	8.484	8.498	8.442	8.856	8.701	8.811	8.870	9.036	8.174	8.215	8.122	8.702	8.062	8.350	7.858	8.114	8.431	7.645	7.293	7.974	8.687	8.329	8.204	8.506	8.009	8.420	8.691	8.800	8.548	8.610	8.931	8.109	8.102	8.389	9.092	8.149	8.663	8.417	8.905	8.515	8.133	8.650	8.436	8.602	8.573	9.940	8.664	8.862	8.291	8.821	8.535	8.912	7.988	8.641	8.344	8.582	9.394	8.397	8.153	8.368	8.587	7.986	8.480	9.045	8.326	8.636	8.585	8.765	8.456	8.398	8.447	7.314	9.101	8.594	9.320	7.943	7.992	8.139	8.405	8.283	8.365	7.844	7.926	8.244	7.750	8.474	7.964	8.449	8.488	8.495	8.108	8.278	8.414	8.027	8.260	7.827	8.529	8.657	8.686	7.718	8.648	8.111	8.413	8.887	9.618	8.260	8.704	9.257	8.347	8.739	8.640	7.101	8.015	8.336	7.408	9.002	8.464	8.240	8.749	8.105	8.770	8.392	7.647	8.280	8.097	9.435	7.942	8.024	8.804	8.639	8.117	8.801	8.354	7.938	8.677	7.593	8.544	8.446	8.250	8.598	8.211	7.927	8.298	8.182	8.505	8.624	8.784	8.425	8.943	8.141	7.860	7.781
PISD	9.027	10.105	9.150	9.373	9.046	9.571	9.371	9.895	9.641	9.749	9.387	8.959	9.626	8.898	8.778	9.156	10.231	9.560	9.626	9.460	9.653	9.485	9.500	9.427	9.418	9.692	9.713	8.754	9.426	9.795	9.080	8.552	8.760	9.958	9.917	8.672	9.328	8.732	9.435	9.122	9.454	9.836	9.113	9.607	9.308	9.229	8.951	9.616	9.604	8.962	9.832	9.819	9.808	9.156	9.427	9.431	9.177	8.195	8.946	8.735	9.019	9.621	8.802	9.143	9.331	8.953	8.803	9.291	9.369	9.330	9.161	8.888	9.668	9.665	9.946	9.245	9.291	9.801	8.898	8.382	9.553	9.545	9.159	9.522	9.070	9.078	9.783	9.539	9.089	8.947	9.373	8.588	9.755	9.079	9.224	9.795	8.443	9.345	8.289	9.799	9.382	9.625	9.165	9.632	8.877	9.805	9.373	9.398	9.015	9.563	9.161	10.164	8.612	9.889	9.334	8.972	9.653	9.422	8.484	9.153	9.367	9.185	9.607	9.037	8.659	9.185	9.038	9.330	9.200	9.370	9.455	9.020	10.124	9.579	9.228	9.591	8.822	8.653	9.341	8.745	9.304	9.607	9.973	8.852	9.058	9.226	8.855	9.172	8.839	9.849	9.003	9.729	9.243	10.090	8.701	9.525	9.476	9.315	9.166	9.541	9.231	9.576	8.156	9.006	9.261	8.983	9.310
POU2F1	5.907	5.370	5.988	5.908	5.345	5.918	6.600	5.347	5.351	5.982	5.592	5.410	6.292	6.077	5.976	5.978	4.338	6.172	6.278	5.907	6.267	5.477	4.955	6.932	4.851	5.212	6.224	5.952	6.657	6.534	6.618	6.242	6.534	6.857	7.191	5.211	5.679	6.187	6.227	5.457	5.876	5.924	5.664	5.713	5.902	6.036	5.552	6.426	6.785	5.483	4.704	4.743	4.437	4.959	5.515	5.867	6.386	4.459	4.848	5.501	6.352	6.016	6.613	6.320	6.603	6.840	5.998	5.711	2.806	3.411	4.907	4.201	5.010	6.148	6.297	6.178	5.964	5.306	6.156	6.035	5.931	5.302	4.092	5.534	6.597	7.041	7.066	6.357	5.491	6.263	5.632	5.630	7.010	6.994	5.561	6.328	6.795	7.079	6.389	6.049	7.770	6.402	5.866	5.462	6.113	4.541	6.826	6.495	7.187	6.673	6.480	5.508	5.506	4.952	4.716	5.896	6.368	5.853	5.449	5.232	4.800	6.232	4.316	5.014	4.555	4.721	3.870	5.419	5.618	5.944	3.988	5.865	5.543	4.292	5.688	5.930	5.185	6.596	5.347	5.642	4.890	5.801	5.136	5.598	6.066	6.604	5.577	4.982	5.644	4.793	5.726	5.747	5.622	6.371	6.022	6.030	6.399	5.966	6.385	5.950	7.396	5.074	6.075	4.383	6.775	6.662	6.821
PRDM15	7.290	7.040	7.702	7.869	6.815	7.905	8.349	8.413	6.905	6.820	7.400	7.558	7.348	7.889	6.854	7.733	6.784	7.028	7.511	7.762	7.239	7.371	6.401	7.050	6.888	7.278	7.756	7.561	7.507	7.626	7.578	7.187	7.961	6.843	7.186	7.811	7.114	8.400	7.842	7.614	7.893	7.331	7.620	7.502	7.788	8.226	7.875	8.189	7.924	7.550	6.896	6.932	6.966	7.087	7.160	7.788	7.305	6.472	7.525	7.393	7.489	7.327	7.833	7.013	7.764	8.315	7.278	6.538	6.408	6.751	7.094	5.421	6.941	7.345	7.056	7.824	7.096	6.780	7.590	7.224	6.160	7.110	6.043	6.349	7.750	7.200	7.053	6.966	8.398	8.080	7.482	7.389	8.357	7.874	7.638	7.668	7.597	7.588	7.493	7.427	7.728	7.628	7.531	7.339	7.797	6.823	7.991	7.385	7.755	7.185	7.071	6.561	7.598	6.945	6.072	7.129	7.467	7.964	6.870	7.178	7.073	7.456	7.237	7.011	7.052	7.679	6.590	7.597	6.893	8.062	5.890	7.847	6.961	7.193	7.685	7.405	7.062	7.945	7.739	6.335	6.321	8.029	7.335	7.450	7.648	7.610	7.299	7.028	7.308	7.241	7.406	7.968	6.935	7.372	7.440	7.438	7.751	7.965	7.239	7.369	8.389	5.724	7.349	6.279	7.567	7.321	7.629
PTCH1	9.575	7.808	9.635	11.797	7.690	9.197	12.216	6.528	8.054	7.882	7.886	8.882	8.720	9.559	8.677	9.214	9.538	8.109	9.651	8.575	7.320	9.709	6.988	10.596	8.871	7.849	9.167	8.906	9.130	8.081	9.378	8.090	9.734	8.534	8.091	8.218	9.202	8.979	7.664	9.536	8.603	8.978	10.002	7.909	9.634	9.696	8.601	10.072	12.189	9.710	8.285	8.564	7.458	8.888	9.083	9.910	9.325	9.645	8.218	9.109	9.008	12.338	10.663	8.597	10.417	8.422	6.875	9.483	8.186	7.761	8.119	7.275	10.579	9.118	9.947	9.505	8.660	7.577	13.355	9.059	7.940	9.998	6.515	8.684	9.050	9.570	9.397	8.044	10.918	13.106	11.003	9.976	8.075	6.977	11.712	8.398	10.304	10.052	8.597	9.512	10.039	8.378	10.002	8.382	9.212	6.759	8.682	9.620	8.318	8.764	8.730	10.299	8.322	8.656	7.706	9.543	9.011	9.057	7	9.386	7.975	8.909	9.463	9.295	8.450	9.937	6.650	10.127	9.746	8.296	7.311	9.318	8.934	8.805	9.789	9.413	8.370	10.210	9.141	6.955	8.079	9.589	6.831	9.085	9.154	11.655	9.082	9.223	8.597	8.989	10.434	9.642	9.232	8.814	8.434	9.578	8.820	8.070	8.322	8.746	10.935	6.726	10.052	7.891	9.328	7.602	7.856
RANBP2	10.976	10.918	10.553	10.559	10.560	10.784	11.016	10.859	10.363	9.477	10.366	10.245	10.140	10.670	10.251	10.280	8.738	10.158	10.437	10.594	10.630	10.054	9.406	10.164	10.729	10.269	10.637	10.127	9.845	10.344	10.222	9.414	10.769	10.263	10.197	10.739	10.886	11.478	10.516	10.458	10.638	11.131	10.673	10.361	10.836	10.978	10.531	11.758	10.552	10.809	10.573	9.958	10.562	10.072	10.620	10.387	10.098	11.023	10.424	10.302	10.926	10.799	10.793	10.066	10.269	11.088	10.436	9.402	9.232	9.230	10.377	9.702	10.274	10.687	10.156	11.034	10.504	9.479	13.339	10.770	10.735	9.962	10.161	10.409	9.985	11.132	10.545	10.931	10.569	10.718	10.193	10.484	10.635	10.121	11.156	10.558	11.236	10.947	10.405	10.786	10.959	10.375	10.950	10.676	10.889	10.240	10.703	10.805	10.442	10.320	10.370	10.199	10.219	9.277	9.788	10.663	9.621	10.558	10.188	10.317	10.369	11.004	10.474	10.787	10.834	10.832	9.803	11.008	10.708	11.320	9.984	10.618	10.334	10.025	10.284	10.549	10.111	10.783	10.638	10.115	10.121	9.413	9.946	10.379	10.956	10.592	10.686	10.756	10.391	10.636	10.712	10.530	10.194	10.675	11.423	10.801	11.716	10.763	10.967	10.214	11.507	9.797	10.863	9.967	11.140	11.120	11.217
RANGAP1	10.819	11.005	11.191	11.126	10.499	10.935	10.957	11.148	11.178	10.866	9.852	10.346	11.008	10.408	11.092	11.254	10.604	10.857	11.030	10.751	10.197	10.923	9.961	10.562	11.348	11.045	11.224	10.956	11.801	11.243	10.550	11.042	10.400	11.539	10.933	9.849	10.232	10.204	10.980	10.562	10.863	10.721	9.926	10.794	10.616	10.244	10.241	11.338	11.309	10.253	10.974	11.031	10.875	10.273	10.625	10.750	11.185	9.738	9.903	10.466	11.051	10.989	10.368	11.374	11.478	10.836	10.039	11.347	11.475	10.372	10.846	10.073	10.845	10.724	10.219	10.338	10.684	10.774	10.743	10.287	9.619	11.363	9.129	9.452	10.616	11.170	11.622	10.467	11.679	11.442	11.009	10.429	11.622	10.583	11.334	10.576	10.273	11.133	10.389	11.327	11.257	11.756	10.531	10.850	10.257	9.135	10.782	10.595	10.272	11.158	10.634	11.030	10.304	11.185	10.491	10.686	11.176	11.235	9.784	10.374	10.811	11.043	11.010	10.433	9.997	10.817	9.745	11.687	11.096	10.921	10.630	11.026	11.525	10.662	10.516	11.594	10.650	10.671	10.744	10.841	10.072	11.737	10.849	10.412	10.445	11.600	10.702	10.557	10.608	10.731	10.599	11.498	10.885	11.923	10.691	11.392	10.694	10.779	11.123	10.646	11.432	10.018	9.809	9.307	11.367	9.975	11.414
RAN	11.789	12.446	12.978	12.259	12.454	11.981	11.917	12.496	12.241	12.418	12.425	12.689	12.088	11.619	12.182	12.307	13.611	11.570	11.163	11.957	12.330	12.295	13.378	12.920	12.545	12.026	11.908	11.475	12.477	11.897	12.461	12.686	11.758	12.067	12.008	11.859	12.062	11.674	11.880	12.595	12.140	12.338	11.955	12.051	11.688	11.691	12.215	12.121	12.064	12.344	12.332	12.561	12.449	12.932	12.045	12.646	13.131	12.246	12.246	12.351	12.031	12.020	11.890	12.937	12	11.719	12.531	12.300	12.679	13.003	12.330	13.331	12.589	12.082	12.070	11.603	12.168	12.983	12.857	12.132	12.710	12.622	12.656	12.690	12.411	11.792	11.769	11.881	11.598	12.667	11.907	11.611	11.791	12.147	11.979	12.564	12.280	11.333	12.386	12.323	12.158	11.976	11.521	11.973	11.837	13.213	11.972	11.623	11.441	11.797	11.986	13.196	12.435	13.255	12.535	12.201	12.052	12.037	12.187	12.608	11.995	12.071	12.438	12.238	12.781	12.158	12.834	11.991	12.217	12.215	12.693	11.862	11.969	12.129	12.156	12.241	12.145	12.464	11.703	12.674	13.454	12.213	12.399	11.929	11.688	12.401	12.591	12.012	12.113	12.414	12.065	12.192	12.374	11.661	11.462	11.887	11.241	12.108	11.815	12.354	11.756	13.009	11.408	13.120	11.510	12.062	11.895
SERPINA1	10.948	12.033	9.585	9.254	12.519	9.433	10.498	12.042	11.853	10.801	10.776	11.198	10.496	10.660	12.140	9.643	10.066	11.748	10.610	12.331	11.464	10.214	9.755	10.626	11.248	12.380	11.956	11.019	9.175	10.260	8.894	10.543	9.159	11.380	10.065	10.676	11.222	9.678	10.862	10.289	9.650	10.854	11.192	9.108	9.963	8.363	10.339	4.874	10.687	9.855	13.432	10.081	12.584	10.783	11.280	8.545	7.955	7.384	10.370	9.931	10.085	10.736	8.297	9.918	9.003	12.118	9.659	9.102	9.612	8.736	9.781	10.995	10.504	12.201	10.256	12.125	7.755	11.408	6.776	11.460	11.403	8.705	10.673	11.295	9.449	9.825	10.465	11.690	8.033	10.892	9.718	9.799	7.240	10.010	10.914	11.669	7.640	8.316	9.982	7.559	8.661	10.360	10.668	10.627	11.041	9.891	12.295	10.909	7.496	10.231	11.739	7.716	9.869	11.925	10.491	7.790	11.162	10.157	9.115	11.547	12.245	9.177	9.449	8.891	9.758	9.354	12.156	10.946	10.443	11.147	10.347	9.115	11.296	10.400	10.562	9.430	11.605	9.264	10.494	11.583	10.880	9.098	9.899	11.369	10.213	8.245	9.182	9.533	10.663	13.990	9.964	8.943	9.734	9.116	10.536	11.191	12.750	12.260	11.798	11.599	7.138	11.766	8.427	9.479	10.128	12.700	10.227
SFTPD	4.453	2.724	1.180	1.947	2.555	2.222	4.258	1.023	3.952	1.252	4.206	3.819	0.569	2.030	4.946	2.180	4.762	1.787	2.468	3.831	1.554	1.584	2.781	3.947	1.921	3.056	3.174	5.220	3.597	1.868	1.888	0.510	2.786	6.041	2.916	0	3.959	5.665	1.622	2.181	1.035	2.306	4.433	1.938	0.485	1.187	3.868	0	3.211	2.181	4.279	4.907	2.236	4.005	1.122	3.601	5.012	0	3.691	1.769	4.159	5.142	3.786	1.431	1.907	4.458	4.054	2.680	0.892	0	0	3.923	0.514	5.217	3.046	2.741	2.692	2.469	0	4.428	2.644	3.227	2.427	1.550	1.038	3.669	3.346	1.804	0.859	6.548	1.966	4.685	2.760	5.748	0.874	0.963	0.939	3.455	0.977	0	1.608	0	1.327	3.485	1.357	0	4.966	2.709	0	3.206	5.389	3.958	1.569	2.676	3.054	4.764	4.553	2.076	1.326	2.462	3.226	3.143	2.580	4.058	1.285	2.190	0	4.083	1.629	1.552	4.942	2.560	5.331	0	3.803	1.979	3.033	1.872	3.763	1.925	2.466	1.980	0	3.609	1.342	2.946	1.193	3.244	1.770	2.428	4.361	3.011	1.995	4.810	3.221	1.673	3.837	0.636	2.288	2.398	2.588	5.870	1.581	2.186	3.282	5.045	3.931
SHH	2.405	1.930	0.502	0	0.689	5.311	0.009	0.607	1.139	0.013	4.765	2.273	0.013	3.916	0.003	1.332	0.009	0.579	0.583	2.281	3.281	4.774	1.207	1.112	5.355	0.011	1.321	0.011	0.004	2.388	3.911	1.182	6.815	1.708	0	0.010	2.509	0.006	0.001	3.012	1.039	1.934	9.058	1.746	0.010	4.903	0.010	0.007	0.579	2.438	2.728	3.351	1.640	0.549	6.566	6.052	0.004	3.398	0.589	3.474	1.242	0.001	3.406	0.009	1.566	0.013	0.007	2.134	0.898	1.546	0.794	0.009	8.004	3.989	6.051	5.209	1.898	0.646	0.011	0	1.323	2.117	0.004	5.216	1.366	0.530	1.951	0.011	3.058	0.001	4.600	6.518	0.007	0.004	2.481	3.457	3.211	1.035	1.966	5.214	0	0.006	0.004	2.606	2.752	0.870	2.683	0.003	0.014	3.378	2.676	2.029	4.449	5.444	2.301	3.579	0.577	0.006	0.006	7.774	3.398	3.287	4.486	0.009	5.027	2.444	1.245	0.902	1.629	0.013	0.003	1.567	5.476	0.013	1.450	2.533	0.634	1.337	4.369	0.013	0.006	3.383	1.503	1.866	4.222	0.006	5.397	0.964	2.728	10.351	1.920	5.374	4.900	1.726	2.213	5.718	2.076	0.006	1.300	3.407	2.811	1.088	2.934	4.228	1.396	1.487	1.842
SOD1	11.711	12.407	11.871	11.504	12.585	11.467	11.077	12.579	12.620	12.389	12.931	12.362	11.401	11.702	12.601	11.474	12.560	11.991	11.908	11.575	11.961	11.378	13.165	12.553	12.239	11.580	11.676	12.580	11.903	11.932	11.887	12.531	12.031	12.899	12.644	12.064	12.327	11.889	11.650	11.970	11.034	12.297	11.874	11.497	11.180	12.085	12.068	11.377	11.418	12.205	12.291	12.822	12.359	12.324	11.712	12.251	12.262	11.422	11.841	11.698	11.704	12.457	12.117	12.285	11.313	12.038	12.738	11.910	11.700	12.788	11.832	12.941	12.104	12.012	12.313	11.491	11.832	12.390	12.181	12.240	12.335	11.995	13.276	12.619	12.097	12.246	12.286	11.900	11.637	12.947	11.682	12.303	11.548	12.551	12.013	12.160	11.680	12.519	12.164	11.835	12.207	11.309	12.580	12.112	11.832	12.495	12.652	12.222	12.251	11.501	12.347	11.618	11.698	12.524	13.585	12.228	11.833	11.373	12.936	12.149	11.757	11.695	11.860	12.241	12.461	11.654	12.978	12.177	12.305	11.824	13.123	11.831	12.685	12.265	12.315	12.242	12.245	12.022	11.769	12.519	12.081	11.871	12.207	11.990	12.110	11.679	11.280	12.410	11.936	12.117	12.277	11.611	11.763	12.463	11.714	11.387	11.440	11.797	11.491	11.753	11.649	13.883	11.527	12.753	12.126	12.580	12.496
SP1	10.519	10.211	10.316	10.221	10.075	10.614	11.564	11.060	9.828	9.726	10.421	10.631	9.960	10.629	10.374	9.971	9.517	9.727	10.569	10.333	10.536	10.340	9.794	9.626	10.444	10.142	10.401	10.164	9.772	10.341	10.049	10.128	10.794	9.732	10.144	10.863	10.466	10.985	10.738	10.032	10.664	10.995	10.475	10.533	10.701	10.894	10.912	11.227	10.529	10.684	10.379	9.137	10.005	9.842	10.447	10.755	10.042	10.675	10.431	10.144	10.357	10.275	10.518	10.085	9.871	10.417	10.411	9.613	9.516	9.396	10.720	9.648	10.083	10.491	10.396	10.837	10.249	9.584	10.332	10.576	10.584	10.161	9.680	10.127	10.341	10.499	9.994	10.939	10.754	10.788	10.474	10.312	10.208	10.664	10.549	10.321	10.887	10.266	10.096	10.257	10.719	9.718	10.377	10.466	10.667	9.635	10.956	10.323	10.657	10.325	10.264	9.976	9.973	9.586	9.189	10.389	10.239	10.430	9.891	10.448	10.018	10.453	10.110	10.458	10.273	10.661	9.747	10.533	10.487	11.451	9.384	10.467	9.959	10.034	10.545	10.201	10.270	10.870	10.494	10.007	10.039	9.647	10.094	10.597	10.611	9.513	10.647	10.210	10.131	10.561	10.347	10.592	10.294	9.709	10.510	10.734	11.141	10.824	10.640	10.225	10.699	9.273	10.353	9.832	10.206	10.932	10.493
SUMO1	10.057	10.976	11.404	10.426	10.966	10.100	10.320	10.717	10.718	11.168	10.858	10.749	10.316	9.813	10.354	10.479	11.181	10.696	9.937	10.404	10.399	10.245	11.474	11.261	10.529	10.161	10.108	10.499	10.411	10.178	10.653	10.685	9.919	10.565	10.684	10.434	10.241	9.686	10.210	10.684	10.523	10.288	10.202	10.345	10.138	10.277	10.084	11.092	10.183	10.661	10.582	11.131	10.832	11.170	10.257	10.567	10.689	10.876	10.499	10.498	10.164	10.524	10.051	11.218	10.372	10.278	10.956	10.798	10.565	10.737	10.394	11.151	10.696	10.577	10.708	9.810	10.720	11.213	10.562	10.419	11.740	10.675	12.188	11.069	10.523	10.054	10.770	10.488	9.935	10.321	10.118	10.127	10.749	10.376	10.695	10.995	10.587	10.293	10.267	10.441	10.791	10.021	10.788	10.363	10.324	11.847	10.776	10.321	10.489	10.007	10.893	10.647	10.486	11.092	10.876	10.635	10.446	10.293	10.560	10.211	10.338	10.381	10.649	10.651	10.859	10.392	11.182	10.170	10.770	10.770	11.021	9.965	10.642	10.513	10.065	10.221	10.220	10.697	10.226	10.592	11.262	9.916	10.154	10.245	10.175	10.598	10.375	10.529	10.138	10.588	10.332	10.100	10.368	10.358	9.922	9.966	9.884	10.425	10.084	10.838	10.148	11.697	10.498	11.558	10.343	10.818	10.680
XBP1	10.044	12.418	11.388	10.508	11.141	10.083	9.286	10.729	10.746	10.995	10.939	10.825	10.365	10.429	10.963	11.164	11.319	11.102	11.431	11.673	11.421	10.641	10.528	10.949	11.856	11.659	10.522	10.184	10.455	10.334	10.776	10.900	10.271	9.988	11.059	10.531	10.461	8.763	10.596	9.991	11.170	10.729	11.112	10.764	10.800	10.142	9.850	12.496	10.644	10.616	11.478	9.908	11.038	10.604	10.847	10.461	11.335	9.814	10.539	10.341	11.054	10.222	10.293	11.057	10.116	10.727	10.654	10.569	10.478	11.707	11.129	10.253	11.253	10.860	11.081	11.326	10.952	11.878	11.488	10.150	11.393	10.290	11.955	11.244	9.844	9.853	10.814	10.938	10.763	10.903	9.958	9.434	10.026	9.892	9.948	11.560	9.155	10.118	10.207	11.522	10.331	10.990	10.187	11.122	10.270	11.380	10.863	10.164	9.604	10.446	10.073	10.684	9.830	11.765	11.785	10.823	9.853	10.248	11.123	10.883	10.861	10.164	10.623	9.858	9.733	10.635	11.205	10.836	11.384	12.158	10.359	10.320	10.745	10.998	10.353	10.676	11.058	9.557	10.822	10.904	10.640	10.846	11.057	10.497	10.979	9.991	9.950	10.246	10.216	10.686	9.678	10.700	10.763	10.127	11.085	10.490	11.219	12.229	10.923	11.310	8.895	11.817	10.348	10.927	10.161	10.785	10.830
XPO1	11.292	11.421	11.757	11.798	11.381	11.784	12.240	11.924	11.294	11.816	11.623	12.204	11.494	11.247	11.158	11.773	11.630	11.203	11.958	11.414	11.817	11.818	11.929	11.903	11.652	11.253	11.633	11.585	11.566	11.634	11.900	11.717	11.826	11.140	11.305	11.920	11.509	12.359	11.783	11.995	12.409	11.827	11.509	11.884	12.263	11.831	12.212	12.607	11.865	11.973	11.507	11.062	11.472	11.837	11.490	11.670	11.722	12.540	12.076	11.851	11.933	11.843	12.139	12.012	12.019	12.101	12.144	11.504	11.486	11.574	11.869	11.772	11.956	11.467	11.707	11.259	11.981	11.736	12.748	11.413	12.343	11.764	12.228	11.676	11.609	11.733	11.436	11.648	12.150	11.962	11.637	11.103	12.101	11.152	11.556	11.960	12.401	11.765	12.083	11.862	11.917	11.349	12.669	11.497	11.809	12.954	12	11.824	12.371	11.354	11.596	11.278	11.834	11.518	11.756	11.355	11.447	11.514	11.593	11.710	11.155	11.588	11.997	11.980	11.893	11.997	11.610	11.597	11.515	11.591	11.683	11.587	10.962	11.565	11.716	11.422	11.485	11.790	11.330	11.277	11.824	10.842	11.677	11.636	11.367	11.425	12.251	11.710	11.462	11.589	11.688	11.784	11.771	11.267	11.604	11.933	11.463	11.746	11.699	11.633	11.988	11.370	12.043	12.313	11.414	11.398	11.846
